{
  "4e8d7745-1bfe-4037-97ae-5ae8a7d587ca": {
    "name": "Srini",
    "date": "2025-04-01",
    "time": "18:00",
    "email": "srini@unmistakablemedia.com",
    "contact_name": "Srini",
    "title": "Andrew Brodsky: Unmistakable Creative Podcast Interview",
    "created_at": "2025-04-15T01:12:03.586477"
  },
  "a3607132-c206-49ec-884b-a96dd4a0faec": {
    "name": "Srini",
    "date": "2025-04-14",
    "time": "14:30",
    "email": "srini@unmistakablemedia.com",
    "contact_name": "Srini",
    "title": "Srinivas R and Julien: Quick chat",
    "created_at": "2025-04-15T01:12:03.592995"
  },
  "fcb48e50-4989-422b-b77f-dc7446b5d9e3": {
    "name": "Shaahin Cheyene",
    "date": "2025-04-10",
    "time": "10:00 AM",
    "email": "ares@podcastcola.com",
    "contact_name": "Shaahin Cheyene",
    "title": "RECORDING - The Unmistakable Creative // Srinivas Rao and Shaahin Cheyene",
    "created_at": "2025-03-31T18:30:59.265279"
  }
}