{
    "entries": {
        "office_metaphors": {
            "title": "You're still working in an office that doesn't exist",
            "body": "Every interface you\u2019ve ever used was borrowed \u2014 dragged in from the office. Desktops. Folders. Inboxes. Bureaucratic furniture dressed up as design. Familiarity became a prison.",
            "link": "https://skooloflife.medium.com/youre-still-working-in-office-that-doesn-t-exist-f388a43e5cf6"
        },
        "intent_over_input": {
            "title": "Intent over input",
            "body": "In an intent-based system, software is like a partner. You say what you want, and it makes it happen. No prompts. No structure. Just action.",
            "link": "https://skooloflife.medium.com/youre-still-working-in-office-that-doesn-t-exist-f388a43e5cf6"
        },
        "reclaiming_serendipity": {
            "title": "Reclaiming serendipity",
            "body": "Search confirms your worldview. Browsing expands it. We've flattened discovery into feeds and lost our ability to stumble into breakthroughs.",
            "link": "https://skooloflife.medium.com/youre-still-working-in-office-that-doesn-t-exist-f388a43e5cf6"
        }
    }
}