{
    "entries": {
        "note_1": {
            "title": "Startup Success",
            "content": "Confirmed ngrok, uvicorn, and toolstack boot clean.",
            "tags": [
                "startup",
                "validation"
            ]
        },
        "note_2": {
            "title": "Volume Mount Confirmed",
            "content": "Host \u2194 container data binding fully works.",
            "tags": [
                "volume",
                "data"
            ]
        },
        "note_3": {
            "title": "Next Objective",
            "content": "Test read_file and file_finder tools.",
            "tags": [
                "next",
                "tools"
            ]
        }
    }
}